Priority,nResolutionDays
Blocker,30.03030303030303
Critical,35.810810810810814
Major,26.267857142857142
Minor,13.766666666666667
Trivial,15.222222222222221
